bucket,county,sale_date,sale_time,sale_type,location,online_url,description,source_url,source_type,deadlines
auction,Kanabec,2026-07-14,,Online,,,"closing on July 14, 2026, at noon, the following tax forfeited parcels will be offered at auction starting at the EMV (Estimated Market Value) amount listed. Should the parcels not sell for or above t",https://www.kanabeccounty.org/departments/tax_forfeit_land_sale.php,county_webpage,
auction,Kanabec,2026-07-15,,Online,,,"closing on July 14, 2026, at noon, the following tax forfeited parcels will be offered at auction starting at the EMV (Estimated Market Value) amount listed. Should the parcels not sell for or above t",https://www.kanabeccounty.org/departments/tax_forfeit_land_sale.php,county_webpage,
auction,Kanabec,2026-08-05,,Online,,,"closing on July 14, 2026, at noon, the following tax forfeited parcels will be offered at auction starting at the EMV (Estimated Market Value) amount listed. Should the parcels not sell for or above t",https://www.kanabeccounty.org/departments/tax_forfeit_land_sale.php,county_webpage,
auction,Kanabec,2026-08-06,,Online,,,"closing on July 14, 2026, at noon, the following tax forfeited parcels will be offered at auction starting at the EMV (Estimated Market Value) amount listed. Should the parcels not sell for or above t",https://www.kanabeccounty.org/departments/tax_forfeit_land_sale.php,county_webpage,
auction,Redwood,2026-08-11,,Unknown,County Government Center,,formation on parcel FULL TERMS AND CONDITIONS FOR TAX FORFEITED SALE (PDF) 2026 Forfeited Property Tax Sale THERE ARE CURRENTLY NO TAX FORFEITED PROPERTY AUCTIONS SCHEDULED. PLEASE CHECK BACK AT A LAT,https://redwoodcounty-mn.us/departments/auditor-treasurer/,county_webpage,
auction,Kanabec,2026-08-14,,Online,,,"closing on July 14, 2026, at noon, the following tax forfeited parcels will be offered at auction starting at the EMV (Estimated Market Value) amount listed. Should the parcels not sell for or above t",https://www.kanabeccounty.org/departments/tax_forfeit_land_sale.php,county_webpage,
auction,Aitkin,,,Unknown,County Government Center,,218-927-7364 Land Classification of Aitkin County tax-forfeited Lands Forfeited 2020 & re-classified Forfeited 2019 Forfeited 2018 Forfeited 2017 Forfeited 2016 Forfeited 2014 & 2015 Full County Conta,https://www.co.aitkin.mn.us/departments/land/land-sales.php,county_webpage,Date not extracted - manual review needed
auction,Anoka,,,Unknown,,,t & Taxation Taxation Delinquent & Tax Forfeiture Tax Forfeited Land Sales Tax-Forfeited Land Sales Tax-Forfeited Parcels Tax-forfeited parcels are properties on which delinquent property taxes were n,https://www.anokacounty.us/310/Tax-Forfeited-Land-Sales,county_webpage,Date not extracted - manual review needed
auction,Becker,,,Unknown,,,l Resources Management Menu Dept Home Page County Tax Forfeited Land Information Environmental Policy Forest Roads & Trails Timber Auctions Tax-Forfeited Land Sales Tax-Forfeit Easements Forest Manage,https://www.co.becker.mn.us/dept/natural_resource/tax_forfeited_sales.aspx,county_webpage,Date not extracted - manual review needed
auction,Benton,,,In Person,County Government Center,,"Tax Forfeited Properties | Benton County, MN Skip to Main Content How Do I... Services Community Government Search Aggregate Tax Elections Am I registered to vote? Register to vote or update your vote",https://www.co.benton.mn.us/187/Tax-Forfeited-Properties,county_webpage,Date not extracted - manual review needed
auction,Carlton,,,Unknown,Auditor’s Office and the County Board,,"ddressing Authorities Forest Enhancement Projects Tax Forfeited Land Sale Home Government Departments Land Department Land Department Department Function Management of approximately 73,000 acres of ta",https://www.co.carlton.mn.us/163/Land-Department,county_webpage,Date not extracted - manual review needed
auction,Carver,,,Unknown,,,easurer Waseca County Waseca County Waseca County Forfeited Land Washington County (MN) Waubun-Ogema-White Earth Schools Wayzata Public Schools Western Lake Superior Sanitary District Westonka Public ,"https://www.publicsurplus.com/sms/carverco,mn/browse/home",auction_platform,Date not extracted - manual review needed
auction,Cass,,4:30 pm,In Person,,,anuary 2027. Land Sale Auction Bidding Info (PDF) Tax-forfeited lands in forest management status or lands that provide primary access will not be offered for sale. Tax-forfeited lands offered for sal,https://www.casscountymn.gov/1339/Land-Sales,county_webpage,Date not extracted - manual review needed
auction,Chisago,,,In Person,,,"Tax Forfeited Land | Chisago County, MN - Official Website Skip to Main Content Labor Negotiations Do you need assistance from Health & Human Services (HHS)? Read On... Update on Labor Negotiations 07",https://www.chisagocounty.us/161/Tax-Forfeited-Land,county_webpage,Date not extracted - manual review needed
auction,Clay,,,Online,Auditor's Office holds an online auction sale to dispose of Clay County prop,,"total sales prices, said 3% to be credited to the Tax Forfeited Assurance Account as required under Minnesota Statute 284.28 Sub. 6. A $25.00 state deed fee and a $46.00 recording fee must also be col",https://claycountymn.gov/290/Forfeiture-Property-for-Sale,county_webpage,Date not extracted - manual review needed
auction,Clearwater,,,In Person,,,Links Contact Us Clearwater County Land Sales The tax-forfeited lands offered for sale by Clearwater County are either lands that have recently forfeited or lands which the county has classified for s,https://www.co.clearwater.mn.us/index.asp?SEC=49B3D327-94F9-4B4A-B2D1-3B8A64A59AAF,county_webpage,Date not extracted - manual review needed
auction,Cook,,,In Person,County Courthouse 411 W,,sports Revolving Loan Fund Sales Tax Septic Loans Tax Forfeited Land Sales Truth in Taxation Documents contact us Auditor's Office E-mail P: 218-387-3640 F: 218-387-3043 Address: Cook County Courthous,https://www.co.cook.mn.us/government/departments/auditor_treasurer/tax_forfeited_land_sales.php,county_webpage,Date not extracted - manual review needed
auction,Cottonwood,,,Online,,,ctions. Terms & Conditions of Online Sales Unsold Tax Forfeited Property Available for purchase at the Auditor/Treasurer's Office CITY OF WINDOM Parcel ID Property Address Basic Sale Price Assessments,https://www.cottonwoodcountymn.gov/departments/administrative/auditor_treasurer/tax_forfeiture.php,county_webpage,Date not extracted - manual review needed
auction,Dakota,,9:00 AM,In Person,"County Board Room, Dakota County",,ting to Receive Comments on the Classification of Tax-Forfeited Parcels Notice is hereby given that a public meeting has been scheduled to receive comments on the classification of tax-forfeited prope,https://www.co.dakota.mn.us/content/dam/site/main/documents/home-and-property/taxation/ClassificationTaxForfeitedParcels.pdf,pdf_page,Date not extracted - manual review needed
auction,Dodge,,,Unknown,,,nian Urdu Vietnamese Welsh Yiddish Yoruba Zulu Go Tax-Forfeited Property Administration Budget Information Election Information Property Tax Inquiry Property Tax Online Property Tax Refund Real Estate,https://www.co.dodge.mn.us/departments/adminstration/tax-forfeited_property.php,county_webpage,Date not extracted - manual review needed
auction,Douglas,,,In Person,Courthouse,,Douglas County | Tax Forfeited Land Government Board of Commissioners Meeting Agendas Meeting Minutes Boards & Committees County Ordinances Approval of Plats Ordinance Park and Trail Ordinance Dangero,https://www.douglascountymn.gov/tax-forfeited-land,county_webpage,Date not extracted - manual review needed
auction,Douglas,,,Online,,,easurer Waseca County Waseca County Waseca County Forfeited Land Washington County (MN) Waubun-Ogema-White Earth Schools Wayzata Public Schools Western Lake Superior Sanitary District Westonka Public ,"https://www.publicsurplus.com/sms/douglascore,mn/browse/home",county_webpage,Date not extracted - manual review needed
auction,Faribault,,,Online,,,"Information Tax Forfeiture Land Sale Information Tax-Forfeited Parcels Tax-forfeited land is property on which delinquent real estate taxes have not been paid. As a result, ownership has been forfeite",https://www.faribaultcountymn.gov/1247/Tax-Forfeiture-Land-Sale-Information,county_webpage,Date not extracted - manual review needed
auction,Fillmore,,,In Person,,,nformation Online Property Tax Payments Resources Tax Forfeited Land Sales Vital Statistics Upcoming Events/Meetings Full calendar Home Departments Auditor/Treasurer Tax Forfeited Land Sales ***PAYING,https://www.co.fillmore.mn.us/departments/auditor_treasurer/tax_forfeited_land_sales.php,county_webpage,Date not extracted - manual review needed
auction,Freeborn,,10:00 am,In Person,County Courthouse,,"iewing: We will be hosting a tour of a few of our Tax Forfeited parcels on Friday, September 26 th , 2025. The tour will begin at 1:00 pm, we will remain at each of the parcels for 15 minutes, if no o",https://www.co.freeborn.mn.us/168/Forfeiture-Property,county_webpage,Date not extracted - manual review needed
auction,Goodhue,,,In Person,County Government Center,,"Tax Forfeited Land - Auditor/Treasurer - Goodhue County, MN Home About Departments Government Contact Bid Notices Calendar Employment FAQ Employee Portal Translate Language Translate Search Goodhue Co",https://www.co.goodhue.mn.us/719/Tax-Forfeited-Land,county_webpage,Date not extracted - manual review needed
auction,Hennepin,,4:30 p.m.,Online,county buildings,,"Tax-forfeited land | Hennepin County Skip to main content An official website of Hennepin County, Minnesota How you know language Translation help Services Assistance Business support Elections Enviro",https://www.hennepincounty.gov/services/property/tax-forfeited-land,county_webpage,Date not extracted - manual review needed
auction,Houston,,,In Person,,,AND CONDITIONS ARE AS FOLLOWS: PUBLIC SALES: All tax forfeited land will be offered at a public sale and sold to the highest bidder.  The minimum bid acceptable is the basic sale price that is shown o,https://www.co.houston.mn.us/departments/auditor-treasurer/,county_webpage,Date not extracted - manual review needed
auction,Itasca,,,In Person,,,"Tax Forfeited Land | Itasca County, MN Skip to Main Content Create a Website Account - Manage notification subscriptions, save form progress and more. Website Sign In Government Departments Residents ",https://www.co.itasca.mn.us/616/Tax-Forfeit-Land,county_webpage,Date not extracted - manual review needed
auction,Itasca,,,Online,,,llowing services for Itasca County: Access Across Tax Forfeited Land Sale of Tax Forfeited Land Utility Easements Land Acquisition Exchange of Tax Forfeited Land Tax Forfeited Land Mining Lease Manage,https://www.co.itasca.mn.us/304/Real-Estate,county_webpage,Date not extracted - manual review needed
auction,Jackson,,,In Person,"Courthouse, Level 1",,ed Jackson County Fee schedule is available here. Tax Forfeited Properties - Tyler v. Hennepin Settlement website Drivers License Staff / Location Auditor/Treasurer - Kevin Nordquist Email Auditor/Tre,https://www.co.jackson.mn.us/auditor,county_webpage,Date not extracted - manual review needed
auction,Kandiyohi,,8:00 AM,Unknown,,,Kandiyohi County Economic Development Law Library Tax Forfeited Lands For Sale News Updates Aggregate 'Gravel' Tax Election Information Campaign Financial Information Tax Forfeited Lands For Auction P,https://www.kcmn.us/departments/auditor_treasurer/tax_forfeited_lands_for_sale.php,county_webpage,Date not extracted - manual review needed
auction,Kittson,,,Unknown,Auditor’s Office,,riod Statement of Claim for Surplus Proceeds from Tax-Forfeited Land Sales List of Property Sales With Surplus & Unexpired Claims Periods Linke To Sale Will Appear When The Sale Starts. Terms & Condit,https://www.co.kittson.mn.us/government/departments/taxpayer_services.php,county_webpage,Date not extracted - manual review needed
auction,Lac qui Parle,,,In Person,County Courthouse,"https://www.publicsurplus.com/sms/lacquiparlecore,mn/browse/home",asurer Property Tax Tax Forfeiture Tax Forfeiture Tax Forfeited Properties Tax Forfeiture Overview The Lac qui Parle County Auditor-Treasurer’s Office administers the disposition of tax forfeited prop,https://www.lqpco.com/319/Forfeited-Properties,county_webpage,Date not extracted - manual review needed
auction,Lake,,9:00 AM,In Person,Courthouse and Law Enforcement Center,,"This sale is for undivided interest parcels that tax-forfeited in 2025 and will consist of in-person auctions at the Law Enforcement Center, located at 601 3rd Ave in Two Harbors, MN at the dates and ",https://www.co.lake.mn.us/forestry/land-sales/,county_webpage,Date not extracted - manual review needed
auction,Lake of the Woods,,,Unknown,,,-Spreadsheet.pdf Former owners and lienholders of tax forfeited property may be able to collect money from a class action settlement. Visit MNTaxForfeitureSettlement.com or call 1-833-709-0093 to lear,https://www.co.lake-of-the-woods.mn.us/auditor/property-taxes/,county_webpage,Date not extracted - manual review needed
auction,Lake of the Woods,,7:30 a.m.,In Person,,,Treasurer’s Office administers the disposition of Tax-forfeited lands. These are properties that default to the State of Minnesota due to non-payment of taxes. Periodic public auctions will be held to,https://www.co.lake-of-the-woods.mn.us/community/land-sales/,county_webpage,Date not extracted - manual review needed
auction,Le Sueur,,,Unknown,Le Sueur County Auditor-Treasurer’s Office,,e Surplus Notice Former owners and lienholders of tax forfeited property may be able to collect money from a class action settlement.  Visit MNTaxForfeitureSettlement.com or call 1-833-709-0093 to lea,https://www.co.le-sueur.mn.us/185/Auditor-Treasurer-Office,pdf_page,Date not extracted - manual review needed
auction,Lyon,,,Online,,,easurer Waseca County Waseca County Waseca County Forfeited Land Washington County (MN) Waubun-Ogema-White Earth Schools Wayzata Public Schools Western Lake Superior Sanitary District Westonka Public ,"https://www.publicsurplus.com/sms/lyonco,mn/browse/home",auction_platform,Date not extracted - manual review needed
auction,Mahnomen,,,In Person,Auditor's Office,,"s Voter Registration and Elections Delinquent and Tax Forfeited Properties Banking, Investing, and Safeguarding County Liquid Assets Mailing of approximately 5,000 Real Estate and Personal Property Ta",https://www.mahnomencounty.gov/department/departments_a_h/auditor_-_treasurer.php,county_webpage,Date not extracted - manual review needed
auction,Mahnomen,,,Online,,,easurer Waseca County Waseca County Waseca County Forfeited Land Washington County (MN) Waubun-Ogema-White Earth Schools Wayzata Public Schools Western Lake Superior Sanitary District Westonka Public ,"https://www.publicsurplus.com/sms/mahnomencore,mn/browse/cataucs?catid=15",county_webpage,Date not extracted - manual review needed
auction,Martin,,,Unknown,,,s! All Of Martin! Services! Forms! All Of Martin! Tax Forfeited Land Home Your Government Departments Auditor/Treasurer Tax Forfeited Land Page Menu Auditor/Treasurer Home Elections/Voter Registration,https://www.co.martin.mn.us/your_government/departments/auditor_treasurer/tax_forfeited_land.php,county_webpage,Date not extracted - manual review needed
auction,McLeod,,,In Person,COURTHOUSE &,,Property Tax Info Redistricting Responsibilities Tax Forfeited Property Truth in Taxation County Board Agendas & Minutes County Board Guide First District Second District Third District Fourth Distric,https://www.co.mcleod.mn.us/government/auditor-treasurer/tax_forfeited_property.php,county_webpage,Date not extracted - manual review needed
auction,Meeker,,8:00 am,In Person,Auditor's Office at 320-693-5212,,(PDF) explains the terms of sale when purchasing tax forfeited property in Meeker County.  Any questions should be directed to the Meeker County Auditor's Office at 320-693-5212. Contact Us Holly Nels,https://www.co.meeker.mn.us/336/Tax-Forfeit-Property,county_webpage,Date not extracted - manual review needed
auction,Mille Lacs,,,Online,,,olicy Tax Forfeiture Surplus Notice 2024 Property Tax Forfeited Land Sale Surplus 2025 Property Tax Forfeited Land Sale Surplus Contact Us Auditor-Treasurer's Office Physical Address View Map 635 2nd ,https://www.millelacs.mn.gov/2700/Tax-Forfeited-Property,county_webpage,Date not extracted - manual review needed
auction,Morrison,,,Unknown,,,e of Public Hearing for Land Classification (PDF) Tax Forfeited Land Sale There is not a land sale scheduled at this time. We highly recommend that you thoroughly researc h any tax forfeited parcels b,https://www.co.morrison.mn.us/283/Land,county_webpage,Date not extracted - manual review needed
auction,Mower,,,Online,,,"Tax Forfeited Properties For Sale | Mower County, MN Skip to Main Content Create a Website Account - Manage notification subscriptions, save form progress and more. Website Sign In Search Board Depart",https://www.co.mower.mn.us/191/Tax-Forfeited-Properties-For-Sale,county_webpage,Date not extracted - manual review needed
auction,Nicollet,,4:30 p.m.,Unknown,County Government Center,,"Tax Forfeited Properties | Nicollet County, MN - Official Website Skip to Main Content Create a Website Account - Manage notification subscriptions, save form progress and more. Website Sign In Search",https://www.co.nicollet.mn.us/170/Tax-Forfeited-Properties,county_webpage,Date not extracted - manual review needed
auction,Nobles,,9:00 AM,In Person,"Nobles County Government Center, 315 10th Street, Worthington MN",,& Adoption Recycling Services for Senior Citizens Tax Forfeited Property Locate School Districts Communities Voting Districts – Federal Voting Districts – State Voting Districts – Local Pay Child Supp,https://www.co.nobles.mn.us/notice-of-public-sale-of-tax-forfeited-lands/,county_webpage,Date not extracted - manual review needed
auction,Norman,,,Online,,,property taxes . Former owners and lienholders of tax forfeited property may be able to collect money from a class action settlement.  Visit MNTaxForfeitureSettlement.com or call 1-833-709-0093 to lea,https://www.co.norman.mn.us/departments/auditor-treasurer/tax_forfeiture.php,county_webpage,Date not extracted - manual review needed
auction,Olmsted,,,Online,,,age. Statement of Claim for Surplus Proceeds from Tax Forfeited Land Sale This item appears in Property Taxes Share this page Online Property Information Residents Business Government I Want To I Want,https://www.olmstedcounty.gov/business/business-licensing-permits/sales/tax-forfeited-property#land-auctions__open--121118826,county_webpage,Date not extracted - manual review needed
auction,Pennington,,,Unknown,,,parcel) Handles Confession of Judgements Conducts Tax Forfeited Land Sales on behalf of the County Property Tax Collection The Auditor-Treasurer is the chief financial officer of all county funds and ,https://co.pennington.mn.us/index.php/services/treasurer,county_webpage,Date not extracted - manual review needed
auction,Pine,,,In Person,County Courthouse and following the terms and conditions of this land auction,,e Great Hinckley Fire - 1894 Snake River Fur Post TAX FORFEITED LAND - FAQ Community U of M Extension Pine County Soil and Water Conservation District East Central Housing Organization Pine County Che,https://www.co.pine.mn.us/departments/land/tax_forfeited_land_for_sale.php,county_webpage,Date not extracted - manual review needed
auction,Polk,,,Unknown,,,ls and corrections. Information about the sale of tax-forfeited land in Polk County can be obtained at the office of the Taxpayer Service Center . Parcel Number City or Township Purchase Price Forfeit,https://www.co.polk.mn.us/190/Forfeited-Property-Currently-for-Sale,county_webpage,Date not extracted - manual review needed
auction,Pope,,1:50AM,In Person,,,"You searched for tax forfeited - Pope County, Minnesota NWS ALERT: Extreme Heat Warning issued July 13 at 1:50AM CDT until July 16 at 9:00PM CDT by NWS Twin Cities/Chanhassen MN Additional Alert Detai",https://www.popecountymn.gov/?s=tax+forfeited,county_webpage,Date not extracted - manual review needed
auction,Pope,,,Unknown,,,rough forfeiture process. School District Locator Tax Forfeited Property Sales Change Taxpayer Name or Address Manufactured/Mobile Home Ownership Change Statement Form 2024 Pope County Abatement Polic,https://www.popecountymn.gov/auditor-treasurer/,county_webpage,Date not extracted - manual review needed
auction,Ramsey,,4:30 p.m.,Online,,,"Tax-Forfeited Public Sales | Ramsey County, Minnesota Skip to main content Language Home / Residents / Property & Home / Taxes & Values / Productive Properties / Tax-Forfeited Public Sales Property & ",https://www.ramseycountymn.gov/residents/property-home/taxes-values/productive-properties/tax-forfeited-public-sales,county_webpage,Date not extracted - manual review needed
auction,Ramsey,,4:30 p.m.,Unknown,,,"iture Settlement Former owners and lienholders of tax forfeited property may be able to collect money from a class action settlement. To learn more or to make a claim, please visit MNTaxForfeitureSett",https://www.ramseycountymn.gov/residents/property-home/taxes-values/productive-properties,county_webpage,Date not extracted - manual review needed
auction,Red Lake,,,Unknown,,,parcel) Handles Confession of Judgements Conducts Tax Forfeited Land Sales on behalf of the County County Board Prepares agendas for County Board meetings Maintains written County Board minutes from a,https://redlakecounty.gov/departments/auditor/index.php,county_webpage,Date not extracted - manual review needed
auction,Renville,,,In Person,courthouse that is available 24 hours,,"County’s Tax Abatement Building Incentive Program Tax-Forfeited Properties The following properties are available for over-the-counter sale: Parcel 28-02125-00 860 Hwy Ave, Bird Island Price: $2,000.0",https://www.renvillecountymn.gov/auditor-treasurer/,county_webpage,Date not extracted - manual review needed
auction,Renville,,,Online,,https://www.publicsurplus.com,TAX-FORFEITED LAND SALE TAX INFORMATION Property Records & Taxation What is Tax-Forfeited Land? Tax-forfeited land is property on which delinquent real estate property taxes were not paid. Title to th,https://www.renvillecountymn.gov/vidoc/tax-forfeited-property-information/,county_webpage,Date not extracted - manual review needed
auction,Scott,,,Unknown,,,County Drainage Ditches CD-10 Repair Report (PDF) Tax Forfeited Properties Delinquent Property Taxes Property & Taxation Online Applications Building Inspections Search for Property Information Home D,https://www.scottcountymn.gov/1163/Property-Taxation-Services,county_webpage,Date not extracted - manual review needed
auction,Sherburne,,4:30 p.m.,In Person,Sherburne County Auditor / Treasurer's Office,,"Tax Forfeited Parcels | Sherburne County, MN Skip to Main Content Create a Website Account - Manage notification subscriptions, save form progress and more. Website Sign In Search How Do I... Your Gov",https://www.co.sherburne.mn.us/232/Tax-Forfeited-Parcels,county_webpage,Date not extracted - manual review needed
auction,Sibley,,,Online,,,IC SURPLUS for land sale TERMS FOR ONLINE SALE OF TAX FORFEITED LAND NOTICE OF ONLINE TAX FORFEITED LAND SALE (August Sale) LIST OF TAX FORFEITED LAND FOR PUBLIC SALE (August Sale) - Riebe Homes NOTIC,https://www.sibleycounty.gov/606/Delinquent-Property-Taxes-Tax-Forfeiture,county_webpage,Date not extracted - manual review needed
auction,Stearns,,,Unknown,,,"Tax-Forfeited Property | Stearns County, MN - Official Website Skip to Main Content Property Licenses Elections Finance How Do I Opens in a new window Home Departments Auditor - Treasurer's Office Pro",https://www.stearnscountymn.gov/691/Tax-Forfeited-Property,county_webpage,Date not extracted - manual review needed
auction,Steele,,,In Person,Auditor's Office -,,Properties for Sale - Tax Forfeited minnesota Departments Administration Assessor Attorney Commissioners Community Corrections Coroner Court Administration Detention Center Elections Emergency Managem,https://www.co.steele.mn.us/divisions/land_use_and_records/auditor/tax_forfeited_properties_for_sale.php,county_webpage,Date not extracted - manual review needed
auction,Stevens,,,Unknown,,,m to 4:00 pm Directory Assessor Auditor/Treasurer Tax Forfeiture Elections Absentee Voting Campaign Finance Reports Guide to Voting for College Students Mail Balloting Sample Ballots Redistricting Vot,https://www.co.stevens.mn.us/888/Assessor,county_webpage,Date not extracted - manual review needed
auction,Swift,,,Unknown,,,"e Swift County at 320-843-4069 . Swift County Tax Forfeiture Sale Official Website of Swift County, Minnesota     All Rights Reserved Swift County Government Offices 301 14th St N, Benson, MN 56215 Mo",https://swiftcounty.gov/index.asp?SEC=22C06DD0-CA7C-4FAD-A590-47B91E5D36D7,county_webpage,Date not extracted - manual review needed
auction,Swift,,,Online,,,easurer Waseca County Waseca County Waseca County Forfeited Land Washington County (MN) Waubun-Ogema-White Earth Schools Wayzata Public Schools Western Lake Superior Sanitary District Westonka Public ,"https://www.publicsurplus.com/sms/swiftco,mn/browse/home",county_webpage,Date not extracted - manual review needed
auction,Todd,,,Unknown,,,Process Fee Schedule Property Tax Payment Options Tax Forfeited Land Resources MN Department of Revenue MN Passport Website MN Secretary of State Contact us Denise Gaida Auditor/Treasurer 215 1st Ave ,https://www.toddcountymn.gov/government/departments/auditor_and_treasurer/index.php,county_webpage,Date not extracted - manual review needed
auction,Wabasha,,,Unknown,,,d/Learn About Pay View/Download Auditor/Treasurer Tax Forfeited Property Sales Property Tax Statements Pay Your Property Taxes Property Tax Estimator Election Information Campaign Financial Reports El,https://www.co.wabasha.mn.us/departments/auditor_treasurer/tax_forfeited_property_sale.php,county_webpage,Date not extracted - manual review needed
auction,Wadena,,,Unknown,,,"Tax Forfeited Land | Wadena County, MN - Official Website Skip to Main Content Create a Website Account - Manage notification subscriptions, save form progress and more. Website Sign In Departments Do",http://www.co.wadena.mn.us/322/Tax-Forfeited-Land,county_webpage,Date not extracted - manual review needed
auction,Waseca,,,Unknown,,,"e which could be obtained at a private sale or an auction sale, if is determined by the assessor that the price from the auction sale represents an arm's-length transaction. The price obtained at a fo",https://www.wasecacounty.gov/103/Assessors-Office,county_webpage,Date not extracted - manual review needed
auction,Washington,,4:30 p.m.,In Person,County Government Center,,"Tax Forfeited Land | Washington County, MN - Official Website Skip to Main Content Search Your Government Departments County Business Living Here How Do I... Home Departments Property Records and Taxp",https://www.washingtoncountymn.gov/1140/Tax-Forfeited-Land,county_webpage,Date not extracted - manual review needed
auction,Watonwan,,4:30 p.m.,In Person,Courthouse,,"Tax Forfeited Sale | Watonwan County, MN - Official Website Skip to Main Content Create a Website Account - Manage notification subscriptions, save form progress and more. Website Sign In Departments ",https://www.co.watonwan.mn.us/130/Tax-Forfeited-Sale,county_webpage,Date not extracted - manual review needed
auction,Wilkin,,,Unknown,,,"ls Commissioner Districts School District Locator Tax Forfeit Sales Tax Parcel Viewer Mapping & GIS Hub Services available: Birth, Death and Marriage Certificates Marriage License Applications Propert",https://www.co.wilkin.mn.us/auditortreasurer,county_webpage,Date not extracted - manual review needed
auction,Winona,,,Unknown,,,and sets the terms and date of the Tax Forfeiture Land Sale Department of Revenue approves the classification and sale of the property The parcel is removed from the tax roll and the parcel forfeits t,https://www.co.winona.mn.us/179/Forfeited-Tax-Sales,county_webpage,Date not extracted - manual review needed
auction,Wright,,,Unknown,County Buildings?,,"t, settlement of tax receipts to taxing entities, forfeited land proceedings and special assessments including ditches. Voter Registration & Elections Duties of the chief election officer include cand",https://www.wrightcountymn.gov/170/Finance-Taxpayer-Services,county_webpage,Date not extracted - manual review needed
otc,MN DOT,2026-07-15,,Over The Counter,,,"- Available Real Estate Email updates Sign up for land sale email updates Last Update: June 23, 2026 Title VI Compliance All MnDOT property sales are conducted in accordance Title VI of the Civil Righ",https://www.dot.state.mn.us/row/propsales.html,other,
otc,Brown,2026-07-24,,Over The Counter,,,tion Tax-Forfeiture Land Program How Land Becomes Tax Forfeited Repurchase Process Home Departments Auditor-Treasurer Property Taxation Delinquent Taxes General Auction / Property Sale Information Gen,https://www.co.brown.mn.us/183/General-Auction-Property-Sale-Informatio,county_webpage,
otc,MN DOT,2026-08-05,,Over The Counter,,,"- Available Real Estate Email updates Sign up for land sale email updates Last Update: June 23, 2026 Title VI Compliance All MnDOT property sales are conducted in accordance Title VI of the Civil Righ",https://www.dot.state.mn.us/row/propsales.html,other,
otc,Beltrami,,,Over The Counter,,,"Tax Forfeited Land Sales | Beltrami County This website uses cookies to enhance usability and provide you with a more personal experience. By using this website, you agree to our use of cookies as exp",https://www.co.beltrami.mn.us/business-development/tax-forfeited-land-sales/,county_webpage,Date not extracted - manual review needed
otc,Big Stone,,,Over The Counter,,,esota for non-payment of taxes: Public Sales: All tax forfeited lands are appraised and offered at a public sale and sold to the highest bidder.  The minimum bid acceptable is the appraised value. Pri,https://bigstonecounty.gov/departments/auditor-treasurer/forfeited-land/,county_webpage,Date not extracted - manual review needed
otc,Blue Earth,,,Over The Counter,,,"nd Records Taxation Tax Forfeiture Tax Forfeiture Tax-Forfeited Parcels Tax-forfeited parcels are properties on which delinquent property taxes were not paid, title to the land and buildings was forfe",https://www.blueearthcountymn.gov/463/Tax-Forfeiture,county_webpage,Date not extracted - manual review needed
otc,Chippewa,,11:00 am,Over The Counter,,,"remain in inventory until sold. When purchasing a Tax Forfeited property off of public sale or over-the-counter, it is important to review the Terms and Condition. Please click on the link to view the",https://www.co.chippewa.mn.us/311/Tax-Forfeiture-List,county_webpage,Date not extracted - manual review needed
otc,Crow Wing,,,Over The Counter,,,"ES, OR GUARANTEES WITH RESPECT TO ACCESS TO STATE TAX FORFEITED LANDS SOLD. Crow Wing County makes no warranty, guaranty or representation of any kind, expressed or implied, as to the condition, usabi",https://crowwing.us/269/Land-Sales,county_webpage,Date not extracted - manual review needed
otc,DNR,,,Over The Counter,DNR or county offices near the parcels to be sold,,ses (non-mineral) Strategic Land Asset Management Tax-forfeited land reviews Utility crossing licenses Page Menu Land for sale Land sales are a vital part of the DNR's efforts to strategically and reg,https://www.dnr.state.mn.us/lands_minerals/landsale/index.html,other,Date not extracted - manual review needed
otc,Grant,,,Over The Counter,,,"Tax Forfeiture Properties | Grant County, MN - Official Website Skip to Main Content Create a Website Account - Manage notification subscriptions, save form progress and more. Website Sign In Departme",https://www.co.grant.mn.us/371/Tax-Forfeiture-PropertiesFor-Immediate-S,county_webpage,Date not extracted - manual review needed
otc,Hubbard,,,Over The Counter,County Government Center,,"Tax Forfeited Lands - Hubbard County, MN Skip to main content search menu Search Home Your Government Board of Commissioners HRA/EDA Development Parcel for Sale Extension Service Soil & Water Conserva",https://co.hubbard.mn.us/tfl,county_webpage,Date not extracted - manual review needed
otc,Koochiching,,,Over The Counter,,,"Tax Forfeited Land Sale Information | Koochiching County, MN Skip to Main Content Create a Website Account - Manage notification subscriptions, save form progress and more. Website Sign In Government ",https://www.co.koochiching.mn.us/259/Tax-Forfeited-Land-Sales,county_webpage,Date not extracted - manual review needed
otc,Saint Louis,,,Over The Counter,,,Tax-Forfeited Land Sales Our County About St. Louis County Board of Commissioners Social Media Other Boards & Committees I Want To... Apply For/Renew Find Pay For Report Subscribe To Volunteer Residen,https://www.stlouiscountymn.gov/departments-a-z/land-minerals/sales-and-contracts/tax-forfeited-land-sales,county_webpage,Date not extracted - manual review needed
otc,Todd,,,Over The Counter,,,Process Fee Schedule Property Tax Payment Options Tax Forfeited Land Home Government Departments Auditor and Treasurer Tax Forfeited Land Tax Forfeited Land Tax forfeited parcels to purchase any time ,https://www.toddcountymn.gov/government/departments/auditor_and_treasurer/tax_forfeited_land.php,county_webpage,Date not extracted - manual review needed
otc,Yellow Medicine,,,Over The Counter,,,ONSULT WITH YOUR ATTORNEY PRIOR TO PURCHASING ANY TAX FORFEITED PROPERTIES. IMPORTANT NOTICE: YOU MAY NOT HAVE CLEAR TITLE TO PROPERTY AFTER PURCHASE. Tax forfeiture will create a break in the chain o,https://www.co.ym.mn.gov/index.asp?SEC=D7845C79-6866-43C2-81C3-44B92DBEA6F2,county_webpage,Date not extracted - manual review needed
